AMS_ATT7791R,DEN,1420564394,1001,WBE6935NU3,SPR4484HA6,EDV2089LK5,MXU9187YC7
AMS_ATT7791R,DEN,1420564394,1001,YMH6360YP0,DAZ3029XA0,PIT2755XC1,BWI0520BG6,PAJ3974RK1,EZC9678QI6,MXU9187YC7,UES9151GS5,ONL0812DH1
ATL_FYL5866L,HKG,1420565140,1751,HGO4350KK1,CXN7304ER2,EZC9678QI6,CKZ3132BR4,JJM4724RF7,HCA3158QA6,SPR4484HA6
ATL_FYL5866L,HKG,1420565140,1751,YMH6360YP0,CDC0302NN5,XFG5747ZT9,IEG9308EA5,CKZ3132BR4,JJM4724RF7,LLZ3798PE3,WYU2010YH8,POP2875LH3
ATL_XOY7948U,LHR,1420564038,877,PIT2755XC1,IEG9308EA5,VZY2993ME1,CKZ3132BR4,HCA3158QA6,WYU2010YH8,POP2875LH3
ATL_XOY7948U,LHR,1420564038,877,YMH6360YP0,WBE6935NU3,HGO4350KK1,CXN7304ER2,EZC9678QI6,VZY2993ME1,UES9151GS5,SPR4484HA6,WTC9125IE5
BKK_YZO4444S,MIA,1420565330,2027,DAZ3029XA0,XFG5747ZT9,BWI0520BG6,HGO4350KK1,IEG9308EA5,LLZ3798PE3,CKZ3132BR4,JJM4724RF7,UES9151GS5
BKK_YZO4444S,MIA,1420565330,2027,CYJ0225CH1,WBE6935NU3,EDV2089LK5,MXU9187YC7,VZY2993ME1,DAZ3029XA0,SPR4484HA6,PUD8209OG3
CAN_EWH6301Y,DFW,1420564967,1683,PAJ3974RK1,HGO4350KK1,VZY2993ME1,BWI0520BG6
CAN_EWH6301Y,DFW,1420564967,1683,LLZ3798PE3,DAZ3029XA0,EZC9678QI6
CAN_ULZ8130D,DFW,1420564983,1683,CDC0302NN5,DAZ3029XA0,WBE6935NU3,PIT2755XC1,CXN7304ER2,LLZ3798PE3,SJD8775RZ4,VZY2993ME1,HCA3158QA6,UES9151GS5,ONL0812DH1,PUD8209OG3
CAN_ULZ8130D,DFW,1420564983,1683,PIT2755XC1,PUD8209OG3,EZC9678QI6,EDV2089LK5,VZY2993ME1,DAZ3029XA0,SPR4484HA6,WYU2010YH8,JBE2302VO4,WTC9125IE5
CDG_QHU1140O,LAS,1420564498,1133,WBE6935NU3,BWI0520BG6,PAJ3974RK1,MXU9187YC7,CKZ3132BR4,HCA3158QA6,LLZ3798PE3,JBE2302VO4
CDG_QHU1140O,LAS,1420564498,1133,CDC0302NN5,WBE6935NU3,BWI0520BG6,HGO4350KK1,LLZ3798PE3,SJD8775RZ4,CKZ3132BR4,JJM4724RF7,UES9151GS5,PUD8209OG3
CGK_DAU2617A,SFO,1420564986,1811,CYJ0225CH1,XFG5747ZT9,WBE6935NU3,CXN7304ER2,EZC9678QI6,SJD8775RZ4,WYU2010YH8
CGK_DAU2617A,SFO,1420564986,1811,YMH6360YP0,UES9151GS5,MXU9187YC7,LLZ3798PE3,EDV2089LK5
CGK_TMV7633W,DXB,1420563958,849,SJD8775RZ4,CKZ3132BR4,LLZ3798PE3,WYU2010YH8,WTC9125IE5
CGK_TMV7633W,DXB,1420563958,849,UES9151GS5,IEG9308EA5,VZY2993ME1,HCA3158QA6,DAZ3029XA0,ONL0812DH1,WYU2010YH8
CLT_WSK1289Z,DEN,1420563542,278,CYJ0225CH1,CDC0302NN5,DAZ3029XA0,YMH6360YP0,PIT2755XC1,VZY2993ME1,CKZ3132BR4,JJM4724RF7,UES9151GS5,ONL0812DH1,WYU2010YH8
CLT_WSK1289Z,DEN,1420563542,278,XFG5747ZT9,HGO4350KK1,CXN7304ER2,EZC9678QI6,SJD8775RZ4,VZY2993ME1,SPR4484HA6,EDV2089LK5
DEN_HUR0974O,PVG,1420564525,1398,XFG5747ZT9,PUD8209OG3,CKZ3132BR4
DEN_HUR0974O,PVG,1420564525,1398,CYJ0225CH1,EDV2089LK5,JJM4724RF7
DEN_PME8178S,PEK,1420564409,1322,CYJ0225CH1,CDC0302NN5,XFG5747ZT9,KKP5277HZ7,PUD8209OG3,CXN7304ER2,MXU9187YC7,EDV2089LK5,CKZ3132BR4,JJM4724RF7,UES9151GS5,WYU2010YH8
DEN_PME8178S,PEK,1420564409,1322,YMH6360YP0,WYU2010YH8,HGO4350KK1,HCA3158QA6,EDV2089LK5
DEN_SQU6245R,FRA,1420564460,1049,YMH6360YP0,WBE6935NU3,UES9151GS5,HGO4350KK1,IEG9308EA5,LLZ3798PE3,VZY2993ME1,HCA3158QA6,DAZ3029XA0,SPR4484HA6,PUD8209OG3
DEN_SQU6245R,FRA,1420564460,1049,CYJ0225CH1,XFG5747ZT9,PIT2755XC1,MXU9187YC7,SJD8775RZ4,HCA3158QA6,UES9151GS5,JBE2302VO4
DFW_WPW9201U,PEK,1420564869,1452,DAZ3029XA0,WTC9125IE5,CXN7304ER2
DFW_WPW9201U,PEK,1420564869,1452,YMH6360YP0,WBE6935NU3,HGO4350KK1,CXN7304ER2,JJM4724RF7,UES9151GS5,WYU2010YH8
FCO_VDC9164W,LAS,1420564698,1276,CXN7304ER2,MXU9187YC7,UES9151GS5,SPR4484HA6,JBE2302VO4
FCO_VDC9164W,LAS,1420564698,1276,WYU2010YH8,KKP5277HZ7,UES9151GS5,BWI0520BG6,SJD8775RZ4,DAZ3029XA0,SPR4484HA6,PUD8209OG3,JBE2302VO4
HND_RPG3351U,CAN,1420563569,374,CXN7304ER2,SJD8775RZ4,VZY2993ME1,HCA3158QA6,SPR4484HA6,JBE2302VO4,POP2875LH3
HND_RPG3351U,CAN,1420563569,374,WBE6935NU3,PAJ3974RK1,EZC9678QI6,ONL0812DH1,JBE2302VO4,POP2875LH3
IAH_HZT2506M,AMS,1420564324,1044,CDC0302NN5,BWI0520BG6,HGO4350KK1,EZC9678QI6,SJD8775RZ4,CKZ3132BR4
IAH_HZT2506M,AMS,1420564324,1044,CDC0302NN5,KKP5277HZ7,HGO4350KK1,JJM4724RF7,JBE2302VO4,POP2875LH3
IAH_KJR6646J,BKK,1420565203,1928,ONL0812DH1,DAZ3029XA0,KKP5277HZ7,WBE6935NU3,XFG5747ZT9,BWI0520BG6,EDV2089LK5,UES9151GS5,SPR4484HA6,PUD8209OG3,JBE2302VO4,POP2875LH3
IAH_KJR6646J,BKK,1420565203,1928,YMH6360YP0,CDC0302NN5,KKP5277HZ7,HCA3158QA6,UES9151GS5,SPR4484HA6,POP2875LH3
JFK_XXQ4064B,FRA,1420563917,802,CDC0302NN5,XFG5747ZT9,HGO4350KK1,PUD8209OG3,MXU9187YC7,CKZ3132BR4,JJM4724RF7,HCA3158QA6,UES9151GS5,ONL0812DH1,WYU2010YH8
JFK_XXQ4064B,FRA,1420563917,802,CYJ0225CH1,YMH6360YP0,DAZ3029XA0,UMH6360YP0,BWI0520BG6,LLZ3798PE3,SJD8775RZ4,JJM4724RF7,UES9151GS5,PUD8209OG3,POP2875LH3
KUL_BER7172M,LAS,1420565167,1848,WBE6935NU3,HGO4350KK1,HCA3158QA6,DAZ3029XA0,PUD8209OG3,WTC9125IE5
KUL_BER7172M,LAS,1420565167,1848,WYU2010YH8,ONL0812DH1,WBE6935NU3,PAJ3974RK1,BWI0520BG6,SJD8775RZ4,DAZ3029XA0,SPR4484HA6,PUD8209OG3
KUL_MBA8071P,PEK,1420563856,572,CYJ0225CH1,JJM4724RF7,HCA3158QA6,DAZ3029XA0,PUD8209OG3,WTC9125IE5
KUL_MBA8071P,PEK,1420563856,572,ONL0812DH1,PAJ3974RK1,LLZ3798PE3,EZC9678QI6,CKZ3132BR4,DAZ3029XA0,SPR4484HA6,PUD8209OG3,POP2875LH3
LAS_VYW5940P,SIN,1420565203,1843,KKP5277HZ7,BWI0520BG6,EZC9678QI6,CKZ3132BR4,JJM4724RF7,DAZ3029XA0,SPR4484HA6
LAS_VYW5940P,SIN,1420565203,1843,KKP5277HZ7,PIT2755XC1,BWI0520BG6,CXN7304ER2,EZC9678QI6,UES9151GS5,SPR4484HA6,POP2875LH3
LHR_GMO5938W,PEK,1420564317,1057,CYJ0225CH1,YMH6360YP0,DAZ3029XA0,PAJ3974RK1,CXN7304ER2,EZC9678QI6,SPR4484HA6,CKZ3132BR4,JJM4724RF7,UES9151GS5,JBE2302VO4,WTC9125IE5
LHR_GMO5938W,PEK,1420564317,1057,WBE6935NU3,BWI0520BG6,IEG9308EA5,CXN7304ER2,HCA3158QA6,SPR4484HA6,EDV2089LK5,WTC9125IE5
MAD_MOO1786A,FRA,1420563408,184,PAJ3974RK1,CXN7304ER2,MXU9187YC7,VZY2993ME1,SJD8775RZ4,HCA3158QA6,JBE2302VO4,POP2875LH3
MAD_MOO1786A,FRA,1420563408,184,PAJ3974RK1,IEG9308EA5,WTC9125IE5,BWI0520BG6
MIA_DKZ3042O,SFO,1420563927,538,SPR4484HA6,IEG9308EA5,WTC9125IE5,JJM4724RF7
MIA_DKZ3042O,SFO,1420563927,538,XFG5747ZT9,KKP5277HZ7,EZC9678QI6,MXU9187YC7,HCA3158QA6,PUD8209OG3,WTC9125IE5
MUC_RUM0422W,MAD,1420563539,194,WBE6935NU3,HGO4350KK1,EZC9678QI6,SPR4484HA6,POP2875LH3
MUC_RUM0422W,MAD,1420563539,194,YMH6360YP0,WBE6935NU3,BWI0520BG6,HGO4350KK1,EZC9678QI6,MXU9187YC7,CKZ3132BR4,PUD8209OG3,POP2875LH3
ORD_SOH3431A,MIA,1420563649,250,ONL0812DH1,PIT2755XC1,IEG9308EA5,CXN7304ER2,EZC9678QI6,SJD8775RZ4,DAZ3029XA0,JBE2302VO4,WYU2010YH8,POP2875LH3
ORD_SOH3431A,MIA,1420563649,250,XFG5747ZT9,KKP5277HZ7,HGO4350KK1,JJM4724RF7,PUD8209OG3
ORD_VYU9214I,DXB,1420564716,1510,WBE6935NU3,EZC9678QI6,HCA3158QA6,LLZ3798PE3,ONL0812DH1
ORD_VYU9214I,DXB,1420564716,1510,WBE6935NU3,HGO4350KK1,IEG9308EA5,EDV2089LK5,JBE2302VO4,PUD8209OG3,WTC9125IE5,POP2875LH3
PEK_XIL3623J,LAX,1420564414,1302,YMH6360YP0,CDC0302NN5,WYU2010YH8,CKZ3132BR4,LLZ3798PE3,EDV2089LK5
PEK_XIL3623J,LAX,1420564414,1302,CYJ0225CH1,VZY2993ME1,JJM4724RF7,DAZ3029XA0,WYU2010YH8,WTC9125IE5
PVG_JVY9791G,FCO,1420564561,1189,YMH6360YP0,CDC0302NN5,WBE6935NU3,BWI0520BG6,HGO4350KK1,EZC9678QI6,MXU9187YC7,SPR4484HA6,VZY2993ME1,LLZ3798PE3,JBE2302VO4
PVG_JVY9791G,FCO,1420564561,1189,BWI0520BG6,CXN7304ER2,CKZ3132BR4,HCA3158QA6,UES9151GS5,WYU2010YH8,POP2875LH3
